client_id,server_round,loss,accuracy
2,1,1.5355778535207112,26.480262756347656
