client_id,server_round,loss,accuracy
10,1,1.5403581460316975,23.327850977579754
10,2,1.2358556588490803,41.8311398824056
