client_id,server_round,loss,accuracy
4,1,1.5613219340642293,25.082236607869465
4,2,1.2326379617055256,44.62719217936198
