client_id,server_round,loss,accuracy
8,1,1.6078556776046753,22.094298044840496
