client_id,server_round,loss,accuracy
7,1,1.560033917427063,28.755482355753582
