client_id,server_round,loss,accuracy
3,2,1.2618717352549236,39.22697321573893
