client_id,server_round,loss,accuracy
5,2,1.3357652028401692,32.92214902242025
