client_id,server_round,loss,accuracy
15,1,1.4885818362236023,26.302083015441895
15,2,1.2873506844043732,36.71875
