client_id,server_round,loss,accuracy
6,2,1.3509358962376912,28.947368621826172
