client_id,server_round,loss,accuracy
0,1,1.547632892926534,25.246710459391277
