client_id,server_round,loss,accuracy
11,1,1.481514573097229,28.39912287394206
11,2,1.2168970108032227,49.122806549072266
