client_id,server_round,loss,accuracy
1,2,1.3171545664469402,34.84100850423177
