round,test_loss,test_accuracy
1,0.025714277267456054,20.56640625
2,0.025612824201583863,20.46875
3,0.02386402118206024,15.83984375
