client_id,server_round,loss,accuracy
5,1,0.21442794799804688,0.0
5,2,0.49131298065185547,0.0
5,3,0.07158660143613815,12.109375
5,8,0.0800020694732666,0.0
5,9,0.08162903785705566,0.0
5,10,0.06235218048095703,0.0
5,11,0.11319005489349365,2.734375
5,13,0.3166475296020508,0.0
5,14,0.11457157135009766,0.0
5,17,0.05411268677562475,21.09375
5,22,0.04381208121776581,55.859375
5,30,0.05736875534057617,0.0
5,32,0.0884397029876709,0.0
5,40,0.07591474056243896,0.0
5,41,0.06292951107025146,20.3125
