client_id,server_round,loss,accuracy
8,1,0.48838220172458224,24.919871648152668
8,2,1.1329703860812717,24.599358876546223
8,4,11.961264716254341,25.881409962972004
8,7,8.660433281792535,23.878204981486004
8,10,4.661247931586372,25.881409962972004
