client_id,server_round,loss,accuracy,fit_mins
6,2,12.929922921316964,23.214285714285715,0.11551425854365031
6,3,20.168054580688477,26.488095147269114,0.11632898648579916
6,4,11.616033281598773,31.99404743739537,0.11520213683446248
6,6,9.418940884726387,26.09126935686384,0.11552913188934326
6,9,8.481160368238177,25.39682524544852,0.11377808650334677
