client_id,server_round,loss,accuracy,fit_mins
3,6,10.180390971047538,25.297618865966797,0.11807651122411092
3,7,7.382168633597238,24.35515866960798,0.1156196673711141
3,10,4.373968669346401,27.876983642578125,0.11932026545206706
