client_id,server_round,loss,accuracy
7,6,14.08286607530382,24.35897445678711
7,7,8.492684936523437,25.881409962972004
