client_id,server_round,loss,accuracy,fit_mins
0,1,1.5979643378938948,25.049603053501674,0.11576234102249146
0,3,19.279145104544504,29.51388876778739,0.11519229412078857
0,4,10.727651459830147,38.64087241036551,0.11547828515370687
0,8,3.8216600758688792,23.809523718697683,0.11935340563456218
