client_id,server_round,loss,accuracy
9,1,0.5004226472642687,25.881409962972004
9,2,1.1189885881212023,24.35897445678711
9,4,12.168502807617188,24.83974329630534
9,6,14.074492390950521,24.35897445678711
9,8,11.211545138888889,24.599358876546223
9,9,6.600841267903646,24.919871648152668
