client_id,server_round,loss,accuracy,fit_mins
5,1,1.5904395750590734,25.297618865966797,0.1648455540339152
5,2,11.950368744986397,26.09126935686384,0.11533726851145426
5,7,8.223824977874756,24.255952290126256,0.11746340195337932
