client_id,server_round,loss,accuracy,fit_mins
7,1,1.60293676171984,24.95039667401995,0.121647580464681
7,5,13.75765255519322,24.702380861554825,0.11528216600418091
7,7,7.809275763375418,22.61904743739537,0.11603798866271972
7,8,3.718992437635149,32.98611095973423,0.11581908464431763
7,9,7.596294743674142,26.785714285714285,0.11566250324249268
7,10,5.577596528189523,23.11507933480399,0.11827195485432943
