client_id,server_round,loss,accuracy
3,2,1.1071173773871528,25.881409962972004
3,3,3.282558780246311,25.881409962972004
3,8,11.223444281684028,24.83974329630534
3,10,4.666195848253039,24.83974329630534
