client_id,server_round,loss,accuracy
4,2,1.116139645046658,25.400641123453777
4,3,3.2760433620876737,24.919871648152668
4,5,4.9325671725802955,23.878204981486004
4,6,13.809508599175347,25.160256067911785
4,7,8.367528110080295,25.400641123453777
4,8,11.056436835394965,25.64102554321289
4,9,6.565972222222222,24.919871648152668
