client_id,server_round,loss,accuracy,fit_mins
9,9,8.100697108677455,26.09126935686384,0.11448846658070883
9,10,4.049704721995762,25.297618865966797,0.11741315921147664
