client_id,server_round,loss,accuracy,fit_mins
1,2,12.910325050354004,24.603174482073104,0.11548823515574137
1,4,12.140252930777413,34.47420610700335,0.11548379262288412
1,5,19.85641588483538,25.049603053501674,0.11517483790715535
1,7,7.385161604200091,22.817460196358816,0.11540761788686117
1,8,2.707606417792184,30.357142857142858,0.11267916361490886
1,9,9.01885540144784,25.74404743739537,0.1199841578801473
