client_id,server_round,loss,accuracy
6,1,0.4904303232828776,25.64102554321289
6,2,1.146356201171875,25.400641123453777
6,3,3.32106204562717,26.12179438273112
6,4,12.269250827365452,24.599358876546223
6,5,5.12421875,24.118589401245117
6,9,6.589022488064236,25.160256067911785
