client_id,server_round,loss,accuracy,fit_mins
4,3,20.06227833884103,28.323412214006698,0.11579810778299968
4,4,11.895733424595424,29.067460196358816,0.1138989249865214
4,5,21.59637941632952,24.95039667401995,0.11609266599019369
4,6,9.479987621307373,25.049603053501674,0.11326204935709636
4,10,5.8401006289890836,24.255952290126256,0.11802592674891153
