client_id,server_round,loss,accuracy,fit_mins
8,1,1.567491923059736,25.39682524544852,0.11731369098027547
8,2,12.3468382699149,24.95039667401995,0.11586105426152547
8,3,21.925168173653738,29.96031733921596,0.11552473704020182
8,4,11.007088661193848,38.69047600882394,0.11602183580398559
8,5,16.64929417201451,24.603174482073104,0.11405083338419596
8,6,9.772324425833565,24.35515866960798,0.11607759793599447
8,7,8.65111528124128,24.15674591064453,0.11810974677403768
8,8,3.3180702413831438,24.95039667401995,0.11594589153925577
8,9,6.147513253348214,24.255952290126256,0.1154421846071879
