client_id,server_round,loss,accuracy
5,3,3.2735885620117187,25.881409962972004
5,7,8.451989915635851,26.12179438273112
5,8,11.266793484157986,24.599358876546223
5,9,6.512847222222222,25.400641123453777
5,10,4.62236582438151,25.320512135823567
