client_id,server_round,loss,accuracy
0,1,0.5080853780110677,24.35897445678711
0,5,4.882119750976562,25.080127716064453
0,6,13.797769843207465,24.919871648152668
0,7,8.320896742078993,26.362178802490234
0,8,11.116453043619792,24.919871648152668
0,10,4.640818617078993,25.64102554321289
