client_id,server_round,loss,accuracy,fit_mins
2,1,1.5956571102142334,25.049603053501674,0.11348316272099813
2,2,12.171910149710518,25.297618865966797,0.11515419085820516
2,3,18.418320110866002,26.53769792829241,0.11591520309448242
2,5,18.434880120413645,26.438491821289062,0.11703757445017497
2,6,9.067961284092494,24.35515866960798,0.11584647099177042
2,8,4.323786088398525,29.96031733921596,0.11583986282348632
2,10,7.107281684875488,23.809523718697683,0.11542824109395346
