client_id,server_round,loss,accuracy
2,1,0.5024417983161078,25.160256067911785
2,4,12.221006944444444,24.599358876546223
2,5,5.043841891818577,24.118589401245117
