client_id,server_round,loss,accuracy
1,3,3.262181176079644,26.84294891357422
1,4,12.144144015842015,24.83974329630534
1,5,5.011189609103733,24.35897445678711
1,6,14.208894178602431,23.637820561726887
1,9,6.660617065429688,24.919871648152668
1,10,4.72864244249132,24.35897445678711
