client_id,server_round,loss,accuracy,fit_mins
0,1,1.3873873949050903,34.47420610700335,0.1701916217803955
