client_id,server_round,loss,accuracy
3,1,1.41985019048055,30.345394134521484
