client_id,server_round,loss,accuracy
14,1,1.4260494709014893,22.834429423014324
