client_id,server_round,loss,accuracy
7,1,1.4064864714940388,25.76754379272461
