client_id,server_round,loss,accuracy
2,1,1.45138418674469,21.765350977579754
