client_id,server_round,loss,accuracy
0,1,1.4255563815434773,23.218201955159504
