client_id,server_round,loss,accuracy
11,1,1.3937158981959026,32.09978103637695
