client_id,server_round,loss,accuracy
13,1,1.455133358637492,23.71162287394206
