client_id,server_round,loss,accuracy
4,1,1.5039198001225789,23.656798044840496
