train_loss,train_acc,test_loss,test_acc
2.3075088540712994,28.32168312072754,0.007157653951644897,38.43351402282715
1.9162774721781413,34.89994519551595,0.007133455133438111,40.60108413696289
