client_id,server_round,loss,accuracy,fit_mins
4,1,1.2745278829878026,55.39772727272727,0.11752125024795532
4,3,5.076496238058263,46.02272727272727,0.11686538457870484
4,4,3.460025746713985,41.47727272727273,0.1172810157140096
4,6,2.085891479795629,50.71022727272727,0.1177525520324707
