client_id,server_round,loss,accuracy,fit_mins
2,2,2.415024238824844,53.4375,0.055525676409403486
2,3,1.1663743615150453,72.1875,0.05319440762201945
2,5,1.8299392282962799,45.3125,0.05340554714202881
2,6,1.2831217527389527,57.8125,0.055258182684580485
