client_id,server_round,loss,accuracy,fit_mins
6,3,1.117830270032088,82.39583333333333,0.16807833909988404
6,4,0.3279464450975259,87.60416666666667,0.1665830135345459
6,5,1.3050155093272526,49.270833333333336,0.16872737407684327
6,6,0.46483646432558695,83.125,0.1750378211339315
