client_id,server_round,loss,accuracy
1,1,0.30304063585069446,0.0
1,3,0.20524603949652778,0.0
1,4,0.11736328125,0.0
1,6,0.4888712565104167,0.0
