client_id,server_round,loss,accuracy,fit_mins
3,3,1.0319839481796538,79.84144101824079,0.08003739913304647
3,5,1.8365601471492223,60.552647726876394,0.07851996421813964
