client_id,server_round,loss,accuracy,fit_mins
1,2,1.4930204231949413,68.56617647058823,0.09215877453486125
1,3,0.3794296657776131,86.74019577923943,0.09190565745035807
