client_id,server_round,loss,accuracy,fit_mins
8,2,4.532054424285889,0.0,0.005871315797170003
8,4,15.508358001708984,7.692307472229004,0.003038124243418376
8,5,4.0456061363220215,7.692307472229004,0.0030351042747497558
8,6,3.9382314682006836,7.692307472229004,0.00304181973139445
