client_id,server_round,loss,accuracy
3,3,0.13654176851841793,0.0
3,5,0.0881896468357266,0.0
3,6,0.2683902410936605,0.0
