client_id,server_round,loss,accuracy
0,1,0.16383207392991836,2.734375
0,2,0.3623019501753931,0.390625
