client_id,server_round,loss,accuracy
9,1,0.16983234159874194,4.166666666666667
