client_id,server_round,loss,accuracy,fit_mins
5,1,0.5809939736010212,81.90789473684211,0.10548395315806071
5,2,0.41935277093005807,88.15789473684211,0.10567410389582316
