client_id,server_round,loss,accuracy,fit_mins
0,1,1.065710605846511,67.53472222222223,0.10138415098190308
