client_id,server_round,loss,accuracy,fit_mins
9,1,1.0091868460178375,67.23958320617676,0.15669389565785727
9,2,1.5275189623236656,72.01388854980469,0.10804137786229452
9,4,4.666126155853272,33.54166660308838,0.10866904258728027
9,5,1.9773836880922318,40.41666660308838,0.110951828956604
