client_id,server_round,loss,accuracy
8,1,1.234375,0.0
8,2,0.5858120918273926,50.0
8,3,1.5013427734375,0.0
8,4,0.86474609375,0.0
8,5,0.79150390625,0.0
8,6,29.813232421875,0.0
