client_id,server_round,loss,accuracy
7,2,0.6149033741970941,0.0
7,4,0.05617542995069815,61.067708015441895
7,5,0.11379057393413208,0.0
7,6,0.07323224674208892,59.739583015441895
