client_id,server_round,loss,accuracy
4,4,0.05613154111024005,18.75
4,5,0.13604071066041307,2.5
