client_id,server_round,loss,accuracy
5,1,0.1337599754333496,0.0
5,2,0.19277536869049072,0.0
5,3,0.12039661407470703,0.0
5,4,0.09477400779724121,0.0
