client_id,server_round,loss,accuracy
6,2,0.38495351272879297,0.0
6,3,0.040731078212701,52.54120870736929
6,5,0.041930575683278945,52.43818664550781
6,6,0.20841822346437325,0.2403846153846154
