client_id,server_round,loss,accuracy,fit_mins
7,1,1.2438744372791715,60.39186520046658,0.0967620571454366
7,4,4.7012856470213995,41.36904758877225,0.09963665008544922
7,6,2.0865668985578747,50.57043647766113,0.10302937428156535
