client_id,server_round,loss,accuracy
11,1,1.5686626036961873,19.133771896362305
