client_id,server_round,loss,accuracy
5,1,1.4264617363611858,25.6030699412028
