client_id,server_round,loss,accuracy
3,1,1.5009722709655762,21.40899117787679
