client_id,server_round,loss,accuracy
15,1,1.4500218331813812,32.29166603088379
