client_id,server_round,loss,accuracy
14,1,1.5828193426132202,22.31359608968099
