client_id,server_round,loss,accuracy
13,1,1.4848698377609253,29.084429423014324
