client_id,server_round,loss,accuracy
0,1,1.4573870499928792,26.315789540608723
