client_id,server_round,loss,accuracy
4,1,1.385364015897115,36.10197321573893
