round,test_loss,test_accuracy
1,0.023595388174057007,0.276
2,0.0235965838432312,0.281
3,0.022305020451545716,0.316
