client_id,server_round,loss,accuracy
7,1,0.6328240856528282,66.40625
7,3,1.3336623770495255,67.65046278635661
