client_id,server_round,loss,accuracy
1,1,0.7620475590229034,81.4043206108941
1,2,0.9481419656011794,81.75154283311632
1,3,0.768098722729418,78.43364122178819
1,4,1.4789385100205739,78.00925869411893
