client_id,server_round,loss,accuracy
0,4,1.9727852543195088,59.635416666666664
