client_id,server_round,loss,accuracy
4,1,0.9011965394020081,71.45833333333333
4,4,0.7086108360025618,79.05092536078558
