client_id,server_round,loss,accuracy
9,4,1.4237500006953876,65.25462934705946
