client_id,server_round,loss,accuracy
2,1,0.4863377132763465,82.29166666666667
2,2,0.6485230264564356,74.91319402058919
2,3,0.43643948684136075,85.67708333333333
