client_id,server_round,loss,accuracy
8,2,0.9716730796628528,74.30555555555556
8,3,2.8813616881764372,67.36111111111111
