client_id,server_round,loss,accuracy
5,2,1.147129088640213,40.22177505493164
