round,test_loss,test_accuracy
1,0.021800735652446748,0.371
2,0.020642948687076567,0.409
3,0.019933609187602997,0.424
