round,test_loss,test_accuracy
1,0.025071722865104677,22.91015625
2,0.024945375084877014,23.10546875
3,0.023225432872772216,25.01953125
