client_id,server_round,loss,accuracy
9,1,0.07428179289165296,26.5625
9,2,0.06190818652772067,57.8125
