client_id,server_round,loss,accuracy
8,1,0.0777205810546875,8.383413434028625
8,2,0.06895928955078125,22.385817050933838
