client_id,server_round,loss,accuracy
4,1,0.06562442779541015,33.75
4,2,0.05916862487792969,50.0
