client_id,server_round,loss,accuracy,fit_mins
1,1,1.5045537387623507,50.10080651675953,0.11294684410095215
1,2,1.528793405084049,41.858396642348346,0.10312548875808716
