client_id,server_round,loss,accuracy,fit_mins
6,1,1.849652276319616,36.544117647058826,0.1059062401453654
6,2,1.8437023583580465,37.463235294117645,0.10258100827534994
