client_id,server_round,loss,accuracy
1,1,0.07252431836762653,25.47743034362793
1,2,0.06095198602635461,60.50347137451172
