client_id,server_round,loss,accuracy
0,1,0.08200434634560033,9.375
0,2,0.0661957724052563,44.53125
