client_id,server_round,loss,accuracy,fit_mins
4,1,1.9121574064095814,35.21825408935547,0.07780187924702962
4,2,1.8952663044134777,34.94543647766113,0.0763526717821757
