client_id,server_round,loss,accuracy
3,1,0.07219395501826836,17.116477251052856
3,2,0.07119304377858232,19.247159004211426
