client_id,server_round,loss,accuracy,fit_mins
8,1,1.5327332709964954,43.04511281063682,0.11893128156661988
8,2,1.5287695683931048,42.2932330683658,0.112016495068868
