client_id,server_round,loss,accuracy
2,1,0.06457700540012401,42.77447085910373
2,2,0.05485674749642933,63.97156100802951
