client_id,server_round,loss,accuracy,fit_mins
7,1,1.8439910014470418,33.333333333333336,0.11553304195404053
7,2,1.7816553248299494,36.979166666666664,0.10620845158894857
