client_id,server_round,loss,accuracy
6,1,0.06878379873327307,20.803571428571427
6,2,0.06101704717756392,36.875
