client_id,server_round,loss,accuracy,fit_mins
5,1,1.3840035200119019,51.25,0.13845126231511434
5,2,1.424317167355464,54.13461538461539,0.07681673765182495
