client_id,server_round,loss,accuracy,fit_mins
3,1,1.1782041523191664,60.540674421522354,0.11632969776789347
3,2,1.2531086107095082,60.63988071017795,0.10806919733683268
