client_id,server_round,loss,accuracy,fit_mins
9,1,1.5607319018420052,51.00562286376953,0.1108104149500529
9,2,1.5606003649094526,53.968425526338464,0.10237481991449991
