client_id,server_round,loss,accuracy
5,1,0.07432029360816592,25.520833333333332
5,2,0.06586047581263951,41.666666666666664
