client_id,server_round,loss,accuracy,fit_mins
0,1,1.4952293143552893,45.2731092116412,0.11345459222793579
0,2,1.5240272774415857,47.49649855669807,0.10181753635406494
