client_id,server_round,loss,accuracy,fit_mins
2,1,1.4553881202425276,46.42857142857143,0.13194440603256224
2,2,1.4453108310699463,52.083333333333336,0.12498278220494588
