client_id,server_round,loss,accuracy
7,1,0.07676340738932291,12.109375
7,2,0.06640027364095052,39.84375
