client_id,server_round,loss,accuracy,fit_mins
2,5,0.6086049075755808,82.03262597543223,0.17109161218007404
2,6,0.6108517111451538,80.75396573102033,0.17369521458943685
2,8,0.5601808991697099,82.95855176007306,0.17422505219777426
2,11,0.5590411140410988,84.10493582266348,0.17603911558787028
2,13,0.4710956952638096,87.41181324146412,0.1716123660405477
2,14,0.4273821178961683,87.94091415405273,0.17265352408091228
2,16,0.5038633233419171,83.79629375316479,0.1747368812561035
2,20,0.5382987845137164,86.44179676197193,0.17599607706069947
2,21,0.4327199526683048,88.86684078640408,0.17447655995686848
