client_id,server_round,loss,accuracy,fit_mins
8,3,1.1866767859458924,62.49999771118164,0.16640314261118572
8,5,1.5846868777275085,52.66666498184204,0.16579035917917886
8,16,0.9817972826957703,70.66666442871093,0.16485137939453126
8,18,1.132598352730274,68.99999786376954,0.16327896118164062
8,22,1.1197114390134812,69.99999801635742,0.16640434662501016
8,23,1.203423398733139,68.16666366577148,0.1677066167195638
8,24,1.1415597355365754,68.49999725341797,0.16510122617085773
