round,test_loss,test_accuracy
1,0.022480220079421995,29.7265625
2,0.02145244288444519,37.44140625
3,0.020480813980102538,42.109375
