round,test_loss,test_accuracy
1,0.024042644679546355,24.86328125
2,0.022005958795547485,31.89453125
