client_id,server_round,loss,accuracy,fit_mins
6,2,1.7526947926072514,40.294117647058826,0.14465537468592327
6,4,,6.0661764705882355,0.145491365591685
6,5,,6.0661764705882355,0.1411435087521871
