client_id,server_round,loss,accuracy,fit_mins
0,1,1.5007482346366434,48.38935582778033,0.1937480370203654
0,4,,10.486694672528435,0.14382661978403727
0,5,,10.758053218617158,0.14299681584040325
