client_id,server_round,loss,accuracy
3,1,0.08811635505862353,4.474431812763214
3,2,0.0667254750321551,18.039772748947144
