client_id,server_round,loss,accuracy,fit_mins
2,2,1.287291549500965,56.54761904761905,0.1563210129737854
2,3,1.1935982477097284,64.88095238095238,0.15520660479863485
2,4,,2.232142857142857,0.15630351702372233
2,5,,0.1488095238095238,0.15728651285171508
