client_id,server_round,loss,accuracy,fit_mins
1,3,1.0693830637370838,65.42931680118336,0.14504999319712322
