client_id,server_round,loss,accuracy,fit_mins
3,2,1.168327185842726,61.43353165520562,0.14994333187739053
3,3,1.1165293720033433,63.61607148912218,0.1455712954203288
3,4,,3.298611111111111,0.15065640211105347
