client_id,server_round,loss,accuracy
2,2,0.06202076789704471,30.638227674696182
2,3,,35.64814800686307
