client_id,server_round,loss,accuracy
8,1,0.05944142484664917,32.962740421295166
8,2,0.07632303333282471,18.239182710647583
8,3,,1.953125
