client_id,server_round,loss,accuracy,fit_mins
4,1,1.9496989448865254,33.91617075602213,0.12708119948705038
4,2,1.8314442733923595,41.989087422688804,0.1281218727429708
