client_id,server_round,loss,accuracy,fit_mins
8,1,1.570463738943401,45.11278192620529,0.14895593325297038
8,3,1.3310699776599282,52.77255650570518,0.15264020760854086
