client_id,server_round,loss,accuracy,fit_mins
7,1,1.8419202168782551,27.604166666666668,0.14999722639719645
