client_id,server_round,loss,accuracy
4,1,0.05885887145996094,33.75
4,2,0.054888558387756345,48.125
