client_id,server_round,loss,accuracy
9,2,0.054012716862193326,60.9375
9,3,,0.78125
9,4,,6.25
