client_id,server_round,loss,accuracy
6,1,0.08548550025836842,7.619047607694354
6,4,,6.309523786817278
