client_id,server_round,loss,accuracy,fit_mins
9,1,1.6255698414409863,50.281141842112824,0.14641313155492147
9,5,,3.860294117647059,0.14140463670094808
