client_id,server_round,loss,accuracy,fit_mins
5,2,1.4570131576978242,44.51923076923077,0.13186846574147543
5,3,1.1730733559681819,65.72115384615384,0.1312512795130412
5,4,,1.9230769230769231,0.13066248099009195
5,5,,0.4807692307692308,0.1346457560857137
