client_id,server_round,loss,accuracy
0,1,0.07397742020456415,13.28125
0,3,,0.0
0,4,,9.765625
