round,test_accuracy,train_loss,d_loss,cka_loss
1,31.080000000000002,-0.03773315966016814,-0.03773315966016814,0.0
