train_loss,train_acc,test_loss,test_acc
2.2467974303132396,29.621989298675018,0.014754898118972778,34.97702205181122
1.9299450708647905,34.647496627548996,0.014536463499069214,38.35248165130615
