client_id,server_round,loss,fit_mins
0,1,-0.021003881469368935,0.5107339938481649
