client_id,server_round,loss,fit_mins
1,1,-0.02153955196792429,0.4024777889251709
