client_id,server_round,loss,fit_mins
2,1,-0.022036585110155018,0.5235899448394775
