client_id,server_round,loss,fit_mins
3,1,-0.020586656406521797,0.48730849822362265
