client_id,server_round,loss,fit_mins
4,1,-0.02045613823627884,0.5186388055483501
