round,test_loss,test_accuracy
1,0.023856320798397064,0.329
2,0.023856320798397064,0.329
3,0.023856320798397064,0.329
