train_loss,train_acc,test_loss,test_acc
2.2902275840441386,28.81099230448405,0.00761547474861145,35.20408163070679
