round,test_loss,test_accuracy
1,0.017813321495056152,0.357
2,0.014740897142887115,0.5267
3,0.0057595715016126635,0.7746
