client_id,server_round,loss,fit_mins
2,1,-0.12926082922653717,0.67261883020401
