client_id,server_round,loss,fit_mins
1,1,-0.11841900104826147,0.6724049051602682
