client_id,server_round,loss,fit_mins
4,1,-0.13423560559749603,0.6700366973876953
