client_id,server_round,loss,fit_mins
0,1,-0.12975422834808176,0.6658347447713217
