client_id,server_round,loss,fit_mins
3,1,-0.12748061323707754,0.678009553750356
