client_id,server_round,loss,accuracy,fit_mins
6,1,1.3846290622438704,31.20039667401995,0.17824500401814777
