client_id,server_round,loss,accuracy,fit_mins
0,1,1.278752429144723,39.38492039271763,0.1189117431640625
