client_id,server_round,loss,accuracy,fit_mins
5,1,1.389520594051906,28.47222191946847,0.11782131592432658
