client_id,server_round,loss,accuracy
1,1,0.033279867304695974,68.34935760498047
