client_id,server_round,loss,accuracy
7,1,0.03385554485850864,63.70192209879557
