client_id,server_round,loss,accuracy
5,1,0.03471773068110148,66.82692209879558
