client_id,server_round,loss,accuracy
3,1,0.034401893615722656,63.221153259277344
