client_id,server_round,loss,accuracy,fit_mins
4,1,1.3743988275527954,36.75595201764788,0.11923873027165731
