client_id,server_round,loss,accuracy
0,1,0.03520350191328261,63.221153259277344
