client_id,server_round,loss,accuracy,fit_mins
1,1,1.3303870132991247,35.714285714285715,0.1181990385055542
