client_id,server_round,loss,accuracy,fit_mins
1,5,0.6221383731154835,81.41010419060203,0.16457648674647013
1,7,0.7319956781233058,80.28937395881204,0.16431632041931152
1,10,0.7404828983194688,79.17457311293659,0.16172235409418742
1,11,0.6266608711551217,80.47912732292625,0.16249418656031292
1,17,0.6592072362408918,82.68500967586742,0.16432678302129108
1,18,0.7580148384851568,80.3012336282169,0.16223410765329996
1,20,0.7548644735532648,79.55407984116498,0.1619738499323527
