client_id,server_round,loss,accuracy
6,9,0.025609512184117292,71.3095234462193
6,10,0.030394316525072664,67.20238058907645
6,11,0.024038301394866395,78.00595201764789
6,13,0.022284951698672666,79.31547546386719
6,16,0.02665841337796804,74.28571428571429
6,18,0.0175665638468287,81.60714285714286
6,20,0.03040397650486714,73.45238058907645
