client_id,server_round,loss,accuracy
7,1,0.06948981235424677,47.265625
7,2,0.10412194033463797,19.921875
7,4,0.04927352915207545,57.8125
7,5,0.04297719349463781,55.078125
7,7,0.04476000492771467,53.515625
7,10,0.025887461130817732,72.65625
7,11,0.029866735637187957,69.921875
7,12,0.03174569035569827,67.1875
7,14,0.027304425090551376,71.09375
7,18,0.02538663645585378,75.78125
7,20,0.03255016580224037,67.578125
