client_id,server_round,loss,accuracy
4,1,0.08607874512672424,36.25
4,2,0.07864852547645569,44.375
4,12,0.029589583352208137,63.75
4,13,0.02790061868727207,73.125
4,14,0.028413218259811402,70.0
4,15,0.02514960914850235,69.375
4,16,0.027318964898586272,68.125
4,18,0.027066251263022423,68.75
