client_id,server_round,loss,accuracy
1,4,0.021635821065165966,80.77256917953491
1,5,0.0399932743653719,53.38541650772095
1,6,0.036908348742472764,58.246527671813965
1,9,0.010910273877336231,89.23611068725586
1,10,0.017662023270078996,82.59548568725586
1,12,0.020359088934542285,78.6458330154419
1,19,0.015855158091614686,87.109375
