client_id,server_round,loss,accuracy,fit_mins
4,3,1.5813908874988556,50.8556547164917,0.14248600800832112
4,5,1.0659555395444233,62.04117075602213,0.14296321074167886
4,6,0.9653640886147817,69.6056547164917,0.142703111966451
4,9,0.9808745955427488,72.371031443278,0.14140962362289428
4,10,0.7614714056253433,74.3179562886556,0.14140048027038574
4,13,0.8287988429268202,73.67311477661133,0.14114143053690592
4,15,0.8837334637840589,74.57837295532227,0.14166131814320881
4,16,0.995126431186994,67.1378968556722,0.1403593063354492
4,18,0.9819117883841196,67.5347220102946,0.1421821355819702
