client_id,server_round,loss,accuracy,fit_mins
2,2,1.3774191985527675,64.28571428571429,0.180650798479716
2,3,0.7689015751793271,76.19047619047619,0.17784483035405477
2,4,0.9248802165190378,67.55952380952381,0.17874337434768678
2,7,0.8044644211019788,76.04166666666667,0.17657026449839275
2,10,0.7126426349083582,80.20833333333333,0.17681644757588705
2,11,0.7188082479295277,78.125,0.17785810232162474
2,12,0.8937523237296513,77.82738095238095,0.17761491139729818
2,14,0.7417071199133283,77.97619047619048,0.17552464803059895
