client_id,server_round,loss,accuracy,fit_mins
8,3,1.674221490558825,53.31296991047106,0.17265292406082153
8,5,1.5198055631236027,54.62875938415527,0.17161657015482584
8,8,1.175531610062248,59.398496226260534,0.16848382949829102
8,10,1.4513686958112215,58.10620297883686,0.169004229704539
8,11,1.1127351396962215,62.78195491589998,0.16744195620218913
8,13,1.1570242235535069,64.21522562127365,0.1682231624921163
8,14,1.2309915486134981,62.87593982094213,0.16978619496027628
8,17,1.0992996347577948,64.21522562127365,0.1703067143758138
8,20,1.3491006681793614,62.87593982094213,0.1669305682182312
