client_id,server_round,loss,accuracy
5,3,0.09043920111088526,35.416666666666664
5,4,0.02301670362552007,80.20833333333333
5,7,0.015704993868157976,89.0625
5,8,0.03228811635857537,70.83333333333333
5,11,0.01794953883758613,86.45833333333333
5,12,0.02007307591182845,82.8125
5,13,0.01571096745984895,83.33333333333333
5,15,0.03931180281298501,69.27083333333333
5,16,0.024564369448593686,78.64583333333333
5,19,0.019383815427621204,81.77083333333333
5,20,0.033818409201644715,70.83333333333333
