client_id,server_round,loss,accuracy
0,1,0.12906390637682194,11.328125
0,3,0.07104083634259407,26.5625
0,6,0.04863495418899938,48.4375
0,8,0.03696801160511218,58.203125
0,15,0.02777137907973507,76.171875
0,16,0.033460281397167,64.0625
0,17,0.03407957600919824,65.625
0,18,0.030906874947903448,73.046875
0,19,0.03550251351113905,68.359375
0,20,0.03173098595518815,70.3125
