client_id,server_round,loss,accuracy
2,1,0.18162004698054454,2.0833333333333335
2,3,0.0469238185710425,52.18253962198893
2,8,0.03553358570332992,58.449073791503906
2,9,0.01913832735929248,82.27513207329645
2,10,0.015517517440155525,86.60714297824435
2,13,0.024078364621861317,74.95039706759982
2,14,0.015396846007784352,85.01984151204427
2,17,0.019920893847296815,82.25859747992621
2,18,0.018807428946133554,82.95304192437067
