client_id,server_round,loss,accuracy,fit_mins
5,7,0.7095350823723353,78.60576923076923,0.14557745456695556
5,9,1.0074686511204793,73.22115384615384,0.1440050760904948
5,11,0.9342628098451174,69.61538461538461,0.14322405258814494
5,13,1.1059806644916534,64.85576923076923,0.14297225872675579
5,16,1.210499135347513,65.24038461538461,0.14619850715001423
5,18,1.3000490344487703,63.36538461538461,0.14504650831222535
5,19,1.2759049924520345,64.375,0.1427036205927531
