client_id,server_round,loss,accuracy
9,2,0.041596144421450924,69.140625
9,3,0.020735852812465868,83.59375
9,4,0.034686663955972905,72.265625
9,5,0.02632663764974527,73.4375
9,6,0.016615449091452256,82.8125
9,7,0.031096925730245153,71.09375
9,9,0.019709440503726926,80.46875
9,12,0.016507124430254885,81.25
9,15,0.015225247827178816,84.375
9,17,0.015050642878601425,86.71875
9,19,0.025375842688637868,78.90625
9,20,0.02167801441330659,82.8125
