round,test_accuracy,train_loss,d_loss,cka_loss
1,33.36,-0.025664102684198213,-0.025664102684198213,0.0
