client_id,server_round,loss,accuracy
5,1,1.4983980655670166,14.285714149475098
5,2,1.9693506956100464,77.77777862548828
