client_id,server_round,loss,accuracy
9,2,3.1926393270492555,39.354165649414064
