client_id,server_round,loss,accuracy
7,1,0.7207176983356476,60.372205098470054
