client_id,server_round,loss,accuracy
2,2,2.891839474439621,36.595394134521484
