client_id,server_round,loss,accuracy
1,1,0.717109328508377,74.51388854980469
1,2,0.3708776831626892,92.77777709960938
