train_loss,train_acc,test_loss,test_acc
2.22087953488032,28.98026313781738,0.0071112508296966555,38.660714340209964
