client_id,server_round,loss,accuracy,fit_mins
8,1,2.184137926382177,21.931560965145337,0.385158383846283
8,3,0.9787122712415808,66.78450214161592,0.3861877282460531
