client_id,server_round,loss,accuracy,fit_mins
9,1,2.1880615248399624,20.47511313943302,0.3918063243230184
