client_id,server_round,loss,accuracy,fit_mins
7,2,1.2889392796684713,55.38744331808651,0.3856026649475098
