client_id,server_round,loss,accuracy
8,1,0.04845148934258355,59.375
8,3,0.024940894577238294,76.171875
