client_id,server_round,loss,accuracy
2,1,0.04921822018093533,61.328125
