client_id,server_round,loss,accuracy
5,3,0.026944646570417615,76.171875
