client_id,server_round,loss,accuracy
6,1,0.05470836692386204,47.265625
6,2,0.04092459201812744,54.6875
