client_id,server_round,loss,accuracy
4,1,0.04500458230574926,58.59375
4,2,0.046308479838901094,55.46875
4,3,0.02717777036337389,75.0
