client_id,server_round,loss,accuracy,fit_mins
5,1,2.180785235236673,20.489253380719354,0.3866593281428019
5,2,1.2691837023286259,54.11481902178596,0.38910924196243285
5,3,0.8690513372421265,70.63065607407513,0.381488049030304
