client_id,server_round,loss,accuracy,fit_mins
3,1,2.1084669828414917,24.30712666231043,0.4416825850804647
3,2,1.2877470640575184,54.11481902178596,0.38807184298833214
3,3,0.89303619370741,70.33371016558479,0.383469295501709
