client_id,server_round,loss,accuracy,fit_mins
4,2,1.3501098681898678,52.68665134205538,0.3889393210411072
4,3,0.9490546023144442,69.98020351634307,0.3917114575703939
