client_id,server_round,loss,accuracy,fit_mins
1,1,2.228706577244927,20.998303132898666,0.3912983258565267
1,3,1.0257243794553421,62.62726233987247,0.3817964394887288
