client_id,server_round,loss,accuracy
7,2,0.027766346890065404,71.09375
7,3,0.022144478890630932,78.90625
