client_id,server_round,loss,accuracy
0,2,0.03179715156555176,64.0625
0,3,0.023432241015964084,81.640625
