client_id,server_round,loss,accuracy,fit_mins
0,2,1.3280792586943682,52.531108631807214,0.38948172330856323
