round,test_accuracy,train_loss,d_loss,cka_loss
1,31.8,-0.01793965798485196,-0.01793965798485196,0.0
