client_id,server_round,loss,accuracy
3,3,0.8645085096359253,70.52508544921875
3,4,4.465859234333038,36.62840016682943
