client_id,server_round,loss,accuracy
2,2,1.1763289819161098,57.08607482910156
