client_id,server_round,loss,accuracy
6,1,1.299655294418335,39.1875
6,3,1.0629470467567443,59.6875
6,4,3.3130852937698365,40.9375
