client_id,server_round,loss,accuracy
9,2,1.3901069164276123,47.64583282470703
