client_id,server_round,loss,accuracy
5,1,1.294129490852356,31.74603271484375
5,2,2.3754689693450928,3.174603223800659
