client_id,server_round,loss,accuracy
7,2,0.695806622505188,63.96722539265951
7,3,0.9316566785176595,69.98856735229492
7,4,0.30160946150620777,88.26854705810547
