client_id,server_round,loss,accuracy
8,1,0.9042441792786121,68.125
8,2,0.4385246872901917,85.3125
8,3,3.738056242465973,47.8125
