client_id,server_round,loss,accuracy
1,1,0.7462168633937836,80.27777709960938
1,3,1.1130240440368653,71.84027709960938
