round,test_loss,test_accuracy,train_loss,train_acc,mean_diff_acc,var_diff_acc
1,0.023384349822998047,24.04296875,1.4072459816932679,29.629629039764403,1.4210854715202005e-15,137.17420596317726
