client_id,server_round,loss,accuracy,fit_mins
1,1,1.388492195045247,53.81878572351792,0.16446640491485595
1,5,0.6223774657529944,82.14539830824909,0.1642636775970459
1,12,0.5815147205310709,82.48932647705078,0.1637866497039795
1,13,0.6132559636059929,82.88069242589614,0.16999878883361816
1,15,0.6810962575323442,81.0068785723518,0.1683739423751831
1,19,0.6214176293681649,81.58799833409927,0.16716643969217937
