client_id,server_round,loss,accuracy
4,1,0.07919025793671608,31.875
4,4,0.04368079006671906,56.25
4,8,0.028340275585651397,65.625
4,9,0.023380553349852562,75.625
4,11,0.02764465697109699,70.0
4,12,0.020847337692975997,78.125
4,13,0.026547015085816382,70.625
4,14,0.022441433370113374,73.75
4,18,0.021605809964239598,76.875
4,19,0.02646438591182232,73.125
