client_id,server_round,loss,accuracy
3,5,0.06781123566433667,32.919034004211426
3,9,0.032225585807629714,68.07528400421143
3,10,0.03027737213344109,73.01136350631714
3,13,0.03793597221374512,69.42471599578857
3,14,0.01961014232015222,82.49289798736572
3,16,0.031858276060926234,72.01704549789429
3,17,0.019091604322921937,81.6761360168457
3,18,0.04944546435906635,51.74005699157715
3,19,0.04627414156750935,66.93892049789429
