client_id,server_round,loss,accuracy
2,2,0.13504766471119134,15.839947170681423
2,3,0.015096297332956473,84.87103186713324
2,7,0.021996912973452132,78.93518490261502
2,15,0.016701133780531074,82.95304192437067
2,17,0.019264232165546624,82.78769853379991
2,19,0.01849878942493067,83.48214297824435
2,20,0.01969934585722775,82.95304192437067
