client_id,server_round,loss,accuracy
0,3,0.04371603957393713,64.84375
0,5,0.0565549982221503,47.265625
0,8,0.026170854767163593,75.78125
0,9,0.024529712503416498,75.78125
0,11,0.018695603925407978,82.8125
0,12,0.029247570456120007,70.703125
0,14,0.01839490143353479,82.8125
0,15,0.0294975468464065,71.09375
0,17,0.024601514402188752,74.21875
0,18,0.01390959694981575,88.28125
0,19,0.022280901278320112,79.6875
