client_id,server_round,loss,accuracy,fit_mins
7,2,1.9796372850735982,42.361111111111114,0.16569185256958008
7,3,1.6645103726122115,52.77777777777778,0.17029664516448975
7,5,1.280412001742257,58.68055555555556,0.1666538119316101
7,10,1.1001313626766205,63.888888888888886,0.1674321492513021
7,11,0.9573326309521993,69.96527777777777,0.16691147089004515
7,14,0.8463546517822478,71.70138888888889,0.17001355489095052
7,16,0.9218782881895701,71.18055555555556,0.1712016224861145
7,17,1.1020485609769821,67.01388888888889,0.17503199179967244
7,18,0.9731508923901452,68.57638888888889,0.17599337100982665
