client_id,server_round,loss,accuracy
9,1,0.08826933095329687,41.015625
9,2,0.09594781566084477,41.40625
9,5,0.030183762050511546,64.84375
9,6,0.027632612931100947,71.09375
9,10,0.015237373675693545,86.328125
9,17,0.018885388316815358,84.765625
9,20,0.01790353413998035,83.59375
