client_id,server_round,loss,accuracy
1,3,0.061304337988595595,54.77430534362793
1,4,0.013755030898065526,87.28298568725586
1,6,0.030057371813851878,66.36284637451172
1,7,0.018660571058420665,85.9375
1,9,0.020748909450907564,75.5208330154419
1,11,0.011952575216221707,89.0625
1,12,0.02004492717751106,79.86111068725586
1,15,0.018984309337681454,79.8177080154419
1,16,0.01407562356138434,85.32986068725586
1,19,0.015425563498116359,84.72222137451172
