client_id,server_round,loss,accuracy,fit_mins
5,4,0.692665394109029,79.32692307692308,0.14607439041137696
5,7,0.7533511496507205,78.22115384615384,0.14465070168177288
5,8,0.8614543905624976,74.8076923076923,0.14451655546824138
5,9,0.7982623141545516,76.6826923076923,0.1445161779721578
5,13,0.8851811370024314,75.14423076923077,0.14774085680643717
5,14,0.8875726891251711,76.20192307692308,0.145585036277771
5,15,1.261305183172226,66.15384615384616,0.14727155367533365
5,16,1.5247874512122228,63.07692307692308,0.1486143708229065
5,17,1.6478350987801185,60.91346153846154,0.14967197179794312
