client_id,server_round,loss,accuracy
5,2,0.12108978345280602,42.1875
5,3,0.05929710041908991,49.479166666666664
5,9,0.015304172411561012,88.02083333333333
5,10,0.022465864285117106,80.72916666666667
5,11,0.02449149319103786,76.5625
5,20,0.016260378905350252,89.58333333333333
