client_id,server_round,loss,accuracy,fit_mins
9,1,1.3412374082733602,59.785899442784924,0.21740830341974896
9,4,0.7852145065279568,73.22664328182445,0.16502283414204916
9,5,1.2806791803416084,68.02551897834329,0.16222595771153767
9,9,0.736267997061505,80.29844284057617,0.1619625727335612
9,10,0.7358160457190346,78.39532874612247,0.1630058169364929
9,11,0.7383288460619309,76.53546681123622,0.16274081071217855
9,15,0.8022520734983332,75.33520754645852,0.16909599701563519
9,19,0.7154878938899321,76.09212808048024,0.17031538486480713
9,20,0.6768669731476727,78.762975804946,0.16784640550613403
