client_id,server_round,loss,accuracy
7,1,0.13364064296086628,11.328125
7,4,0.05329387833674749,58.984375
7,5,0.04305955171585083,56.25
7,6,0.04899078458547592,53.125
7,7,0.02924870525797208,73.828125
7,8,0.03619755084315936,65.234375
7,10,0.0250697985291481,75.0
7,12,0.028400338689486184,73.046875
7,13,0.026443225145339967,75.390625
7,14,0.026340650270382564,73.828125
7,15,0.02782867948214213,72.265625
7,16,0.02053237482905388,80.859375
7,20,0.042200674613316856,58.203125
