client_id,server_round,loss,accuracy,fit_mins
6,1,2.1768620434929344,23.02036195642808,0.09320736328760783
