client_id,server_round,loss,accuracy,fit_mins
5,3,0.9561391648124246,71.62047487146714,0.0919653058052063
