client_id,server_round,loss,accuracy
4,1,0.04978854603237576,50.390625
4,3,0.030715901851654053,76.171875
