client_id,server_round,loss,accuracy,fit_mins
3,1,2.157452232697431,25.2403844945571,0.09136529366175333
