client_id,server_round,loss,accuracy
5,2,0.029561706119113497,66.796875
