client_id,server_round,loss,accuracy,fit_mins
1,1,2.1681559015722836,22.85067861220416,0.1426675279935201
