client_id,server_round,loss,accuracy,fit_mins
4,3,1.114430862314561,63.5463799869313,0.09233578046162923
