client_id,server_round,loss,accuracy,fit_mins
0,1,2.056615675196928,27.163461572983685,0.09279864231745402
0,2,1.2565596314037548,60.690045076258045,0.09293174743652344
