client_id,server_round,loss,accuracy
6,2,0.03219671646753947,75.0
6,3,0.028431703514522975,75.390625
