client_id,server_round,loss,accuracy
1,2,0.02949639426337348,75.78125
1,3,0.025835010210673016,76.171875
