client_id,server_round,loss,accuracy
3,1,0.0487760689523485,50.78125
3,2,0.027685765425364176,75.0
3,3,0.029625185065799288,76.171875
