client_id,server_round,loss,accuracy,fit_mins
9,2,1.3787726163864136,53.28054293464212,0.09189213116963704
9,3,0.9793199721504661,68.96210389978745,0.09181639353434244
