client_id,server_round,loss,accuracy,fit_mins
7,2,1.2408822880071753,56.37726233987247,0.09156530698140462
7,3,0.8189427677322837,73.17590466667625,0.09196901718775431
