client_id,server_round,loss,accuracy
2,1,0.056118385526869034,51.5625
2,3,0.026130703853236303,76.953125
