client_id,server_round,loss,accuracy,fit_mins
2,2,1.2540798572932972,60.039592518525964,0.09289583762486776
2,3,0.929855507962844,69.25904980827781,0.09157365560531616
