client_id,server_round,loss,accuracy
7,1,0.04558235804239909,63.28125
7,2,0.0237274354034,80.078125
