client_id,server_round,loss,accuracy,fit_mins
8,1,2.066112055498011,23.9394796034869,0.09151535431543986
8,2,1.1572437426623177,63.26357448802275,0.09156531095504761
