client_id,server_round,loss,accuracy,fit_mins
0,6,1.2284766155130722,65.67752097634708,0.15911086797714233
0,8,0.9723006767385146,70.46568612491383,0.1578089674313863
0,10,0.9637232633198008,71.55987391752355,0.16093446413675944
0,11,1.0347021362360787,70.10679267434513,0.15937150319417318
0,13,1.072896420955658,69.72163862340591,0.1584551771481832
0,14,1.3101995587348938,64.65336137659409,0.1591111699740092
0,17,1.0971860587596893,69.17892141903148,0.16093453168869018
0,18,1.2148246554767383,66.67542020012351,0.16093401114145914
