client_id,server_round,loss,accuracy,fit_mins
7,1,1.7883698344230652,42.53472222222222,0.16301704247792562
7,3,2.0867894093195596,46.18055555555556,0.16301799217859905
7,5,1.4746172163221571,50.520833333333336,0.16399010022481283
7,6,1.3024353716108534,57.291666666666664,0.1648396333058675
7,7,1.6228653854793973,52.43055555555556,0.16406789620717366
7,11,1.131348603301578,63.19444444444444,0.1637990395228068
7,12,1.0916867388619318,62.673611111111114,0.16259772777557374
7,14,1.197434064414766,61.979166666666664,0.16186649799346925
7,16,1.1640386647648282,62.673611111111114,0.16379911104838055
