client_id,server_round,loss,accuracy,fit_mins
9,1,1.5435162396991955,48.540224860696235,0.15843949715296426
9,4,1.138021956471836,66.93339089786305,0.15832963387171428
9,5,1.0380612155970406,70.16652230655446,0.15989215771357218
9,10,0.7681584761423224,77.68166082045612,0.15989219745000202
9,16,0.6861958091749865,79.63884061925552,0.1585905114809672
9,17,0.8343636113054612,76.53546681123622,0.15911176999409993
9,18,0.7937753226827172,78.11418690400966,0.15961368878682455
9,19,0.7193598869968864,79.24956736845128,0.1593718449274699
9,20,0.7590726386098301,75.57309678021599,0.1598922332127889
