client_id,server_round,loss,accuracy,fit_mins
5,2,1.4875860260083125,59.51923076923077,0.14270498752593994
5,4,1.4390322038760552,63.75,0.14297515153884888
5,5,1.1513678133487701,69.23076923076923,0.14296541213989258
5,6,1.231588704081682,65.14423076923077,0.14289695024490356
5,7,1.2670492988366346,67.21153846153847,0.14110839764277142
5,12,1.035598900455695,72.35576923076923,0.14140364329020183
5,15,1.1635855115376985,70.86538461538461,0.1415886402130127
