client_id,server_round,loss,accuracy,fit_mins
1,3,1.0188810106586008,75.52182186351104,0.16212693055470784
1,4,1.0656918024315554,74.78652774586396,0.1600517431894938
1,6,0.988184557241552,73.09653697294347,0.1619754155476888
1,11,0.7069295785006355,78.62310252470128,0.16015288432439168
1,13,0.7716413298073936,79.55407984116498,0.16171557903289796
1,15,0.7811469041249332,78.99667941822725,0.16015340884526572
1,16,0.770965774269665,77.90559791116154,0.1611350218454997
1,17,0.7078695893287659,80.31309284883388,0.16191567579905192
1,19,0.8653814722509945,76.79079706528607,0.16015292803446451
