client_id,server_round,loss,accuracy,fit_mins
2,2,1.489292011374519,58.63095238095238,0.17603697379430136
2,4,1.481503515016465,60.11904761904762,0.17603756586710612
2,7,0.7934962965193249,76.19047619047619,0.17681900262832642
2,8,0.8514547333830879,75.0,0.17395436763763428
2,9,0.8484830884706407,76.93452380952381,0.17317343950271608
2,13,0.7368614418166024,78.7202380952381,0.17421489159266154
2,14,0.8683622479438782,77.23214285714286,0.17577712138493856
2,19,0.7430501239640372,76.63690476190476,0.17603814601898193
2,20,0.8270005910169511,75.44642857142857,0.17474470535914102
