round,test_loss,test_accuracy,train_loss,train_acc,mean_diff_acc,var_diff_acc,val_loss,val_acc
1,0.06887186279296875,22.90348101265823,1.5609338013472756,45.5089044296069,-0.23494419734205038,65.11428519198351,0.07295205749796296,21.97920484788901
2,0.05986365966796875,43.39398734177215,1.56742879314831,46.47850338620279,-0.2922812201705092,69.02417052544604,0.06366409221085097,43.61980977231566
