round,test_accuracy,train_loss,d_loss,cka_loss
1,30.320000000000004,-0.039588001675510756,-0.039588001675510756,0.0
2,30.599999999999998,-0.10984159963834243,-0.10984159963834243,0.0
