client_id,server_round,loss,accuracy
3,1,1.1524104421788997,47.01011657714844
