client_id,server_round,loss,accuracy
5,1,0.033589826689826116,64.02243550618489
5,2,0.02470918231540256,72.51602427164714
