client_id,server_round,loss,accuracy
0,1,0.03465210133128696,53.846153259277344
