client_id,server_round,loss,accuracy,fit_mins
8,2,0.9846348166465759,59.02777753557478,0.12045814990997314
