client_id,server_round,loss,accuracy,fit_mins
9,1,1.3843785864966256,36.70634896414621,0.12119847138722738
9,2,0.8200513039316449,70.13888876778739,0.11996369361877442
