client_id,server_round,loss,accuracy
8,1,0.035885846614837645,53.60576883951823
