client_id,server_round,loss,accuracy,fit_mins
4,1,1.308179429599217,36.06150763375418,0.1165528138478597
