client_id,server_round,loss,accuracy
2,1,0.0335569163163503,56.81089655558268
