client_id,server_round,loss,accuracy,fit_mins
0,1,1.2816032341548376,41.12103162493025,0.12198991378148397
0,2,0.7777648142405919,76.73611014229911,0.11703954140345256
