client_id,server_round,loss,accuracy,fit_mins
3,2,0.8627626640456063,70.13888876778739,0.12101911306381226
