client_id,server_round,loss,accuracy
7,2,0.024102816979090374,75.96153767903645
