client_id,server_round,loss,accuracy
1,1,0.03382577233844333,60.096153259277344
1,2,0.022944535811742148,76.20192209879558
