client_id,server_round,loss,accuracy,fit_mins
7,1,1.3373886517116003,37.4007933480399,0.1706055998802185
