client_id,server_round,loss,accuracy
6,2,0.02387430336740282,70.75320434570312
