client_id,server_round,loss,accuracy
3,2,0.024734603034125432,68.9102554321289
