client_id,server_round,loss,accuracy,fit_mins
5,1,1.4507824863706316,27.728174482073104,0.1211107571919759
5,2,1.0027797392436437,59.07738058907645,0.11492864688237509
