client_id,server_round,loss,accuracy
1,1,1.4584896564483643,27.85087712605794
