client_id,server_round,loss,accuracy
14,1,1.4464011192321777,25.79495620727539
