client_id,server_round,loss,accuracy
15,1,1.3943009674549103,30.078125
