client_id,server_round,loss,accuracy
13,1,1.4879730145136516,26.315789540608723
