client_id,server_round,loss,accuracy
6,1,1.396467884381612,25.27412287394206
