client_id,server_round,loss,accuracy
7,1,1.4010690848032634,32.59320195515951
