client_id,server_round,loss,accuracy
0,1,1.4658478101094563,26.83662287394206
