client_id,server_round,loss,accuracy
4,1,1.471076210339864,25.082236607869465
