round,test_loss,test_accuracy
1,0.022558175802230834,32.71484375
2,0.019624753832817077,47.734375
3,0.019338030278682708,48.30078125
4,0.01644501179456711,62.48046875
5,0.015316473454236984,67.20703125
