client_id,server_round,loss,accuracy
2,2,0.6609252244234085,70.80592091878255
2,3,0.7463316967089971,72.12171045939128
