client_id,server_round,loss,accuracy
1,2,1.2941819190979005,76.07638854980469
