client_id,server_round,loss,accuracy
0,1,1.0311016341050465,63.29022979736328
