client_id,server_round,loss,accuracy
9,1,1.1191242456436157,55.02083282470703
9,3,1.397593355178833,60.83333282470703
