client_id,server_round,loss,accuracy
8,1,0.9893854439258576,68.4375
8,3,1.6318229664713726,70.625
