client_id,server_round,loss,accuracy
3,1,1.093134085337321,55.73979695638021
3,2,1.4821948806444805,52.540391286214195
