client_id,server_round,loss,accuracy
7,2,1.4524051149686177,56.94232749938965
