client_id,server_round,loss,accuracy
4,2,1.0380123376846313,51.33333282470703
4,3,1.4292827725410462,51.45833282470703
