client_id,server_round,loss,accuracy
2,1,0.9137068564693133,55.8936398824056
