client_id,server_round,loss,accuracy
9,2,1.5819936513900756,53.541665649414064
