client_id,server_round,loss,accuracy
1,1,0.9593001365661621,74.34027709960938
