client_id,server_round,loss,accuracy
0,2,1.387574553489685,60.34482765197754
