round,test_loss,test_accuracy
1,0.02030580547451973,37.1484375
2,0.017477509617805483,57.91015625
3,0.017481233656406404,58.06640625
4,0.014671943932771683,65.72265625
5,0.012895070284605027,70.44921875
