client_id,server_round,loss,accuracy
1,1,1.6625580787658691,23.076923370361328
