client_id,server_round,loss,accuracy
81,1,1.648192048072815,26.923076629638672
