client_id,server_round,loss,accuracy
29,1,1.56712007522583,26.923076629638672
