client_id,server_round,loss,accuracy
24,1,1.6189135313034058,26.923076629638672
