round,test_loss,test_accuracy
1,0.037802038049697874,15.3515625
2,0.037961348152160644,14.453125
3,0.03623741755485535,17.2265625
