round,test_loss,test_accuracy
1,0.021918821811676027,29.82421875
2,0.021814760565757752,30.44921875
3,0.021815260767936707,30.80078125
4,0.021044989347457885,36.7578125
5,0.02027624809741974,45.546875
