round,test_loss,test_accuracy
1,0.01748429400920868,0.3459
2,0.010836699271202087,0.6383
3,0.006166300866007805,0.7577
