round,test_accuracy,train_loss,d_loss,cka_loss
1,29.080000000000002,-0.2570735430777043,-0.2570735430777043,0.0
2,29.959999999999997,-0.1470953283738032,-0.4964167718505862,0.3493214432886916
