round,test_loss,test_accuracy
1,0.02308102858066559,21.89453125
2,0.022887741565704344,22.578125
3,0.022783327102661132,24.04296875
4,0.021849941849708558,31.34765625
5,0.020662797272205352,36.38671875
