client_id,server_round,loss,d_loss,cka_loss,fit_mins
2,1,-0.023237157613039017,-0.023237157613039017,0.0,0.7092683951059977
