client_id,server_round,loss,d_loss,cka_loss,fit_mins
5,1,-0.009371130354702472,-0.009371130354702472,0.0,0.44662659565607704
