client_id,server_round,loss,d_loss,cka_loss,fit_mins
9,1,-0.015490282171716293,-0.015490282171716293,0.0,0.5758856217066447
