client_id,server_round,loss,d_loss,cka_loss,fit_mins
4,1,-0.011421209946274758,-0.011421209946274758,0.0,0.4195217490196228
