client_id,server_round,loss,d_loss,cka_loss,fit_mins
3,1,-0.02206664239721639,-0.02206664239721639,0.0,0.6316652417182922
