client_id,server_round,loss,d_loss,cka_loss,fit_mins
8,1,-0.019722762251538888,-0.019722762251538888,0.0,0.638697604338328
