client_id,server_round,loss,d_loss,cka_loss,fit_mins
0,1,-0.014221285625050465,-0.014221285625050465,0.0,0.5859215736389161
