client_id,server_round,loss,d_loss,cka_loss,fit_mins
7,1,-0.022111350537410805,-0.022111350537410805,0.0,0.6734204729398091
