client_id,server_round,loss,d_loss,cka_loss,fit_mins
1,1,-0.01889556446777923,-0.01889556446777923,0.0,0.6050893266995748
