client_id,server_round,loss,d_loss,cka_loss,fit_mins
6,1,-0.016795369020352762,-0.016795369020352762,0.0,0.6418686707814535
