round,test_loss,test_accuracy,train_loss,train_acc,mean_diff_acc,var_diff_acc
1,0.022205312848091126,27.98828125,1.4383671283721924,27.58223686218262,-0.10399533907572556,6.032058592246809
