client_id,server_round,loss,accuracy,fit_mins
8,1,1.2519536188670568,43.00595201764788,0.11486716667811075
