client_id,server_round,loss,accuracy,fit_mins
2,1,1.403033001082284,30.853174482073104,0.11534649928410848
