client_id,server_round,loss,accuracy,fit_mins
4,1,1.4116828101021903,27.182539531162806,0.11629763841629029
