client_id,server_round,loss,accuracy,fit_mins
1,1,1.315665602684021,36.50793620518276,0.11737354199091593
