client_id,server_round,loss,accuracy,fit_mins
3,1,1.263136659349714,42.90674591064453,0.16410687764485676
