client_id,server_round,loss,accuracy
0,3,0.4781425622376529,80.89070822975852
