client_id,server_round,loss,accuracy
2,1,1.150702335617759,46.54913052645597
2,2,0.6495141657915983,77.79913052645597
2,3,0.5046706849878485,83.43917083740234
