client_id,server_round,loss,accuracy
3,1,1.1597697734832764,46.67405770041726
3,2,0.8062424497170881,66.02688459916548
