client_id,server_round,loss,accuracy,fit_mins
4,1,1.1818138228898698,66.61931818181819,0.12371917565663655
4,2,1.1929461292245171,65.19886363636364,0.12284096082051595
4,3,0.993245052089068,70.73863636363636,0.1216077446937561
4,4,0.7054837545887991,79.4034090909091,0.11940558354059855
4,5,1.2162710197947242,67.75568181818181,0.11837446689605713
