client_id,server_round,loss,accuracy,fit_mins
0,1,0.8755988329648972,70.13888888888889,0.10178979237874348
0,2,1.2777855404549174,71.64351823594835,0.10516754388809205
0,3,0.651678462823232,78.18287022908528,0.09916478792826335
0,4,1.3873805817630556,68.46064800686307,0.09685568014780681
0,5,0.5861386209726334,82.46527777777777,0.09555252790451049
