client_id,server_round,loss,accuracy
1,1,0.13308024088541667,0.0
1,2,0.054096577962239586,14.453125
1,3,0.1744852023654514,1.953125
1,4,0.0363530617290073,67.96875
1,5,0.18343207465277778,0.0
