client_id,server_round,loss,accuracy,fit_mins
2,1,1.398661231994629,61.25,0.05471780300140381
2,2,1.56559057533741,70.3125,0.05802822907765706
2,3,1.5020722568035125,70.3125,0.05420247713724772
2,4,1.4783454537391663,68.75,0.05433173576990764
2,5,0.6891361847519875,80.9375,0.05299440622329712
