client_id,server_round,loss,accuracy,fit_mins
7,1,1.2523579266336229,61.111111111111114,0.10369428396224975
7,2,1.2266217486725912,61.111111111111114,0.1004420280456543
7,3,0.9570420972175069,69.74206331041124,0.10045369863510131
7,4,0.701073525680436,76.81051593356662,0.098866601785024
7,5,1.4028260939651065,64.78174591064453,0.09846058289210001
