client_id,server_round,loss,accuracy
8,1,0.5916748046875,0.0
8,2,0.583251953125,0.0
8,3,0.230377197265625,75.0
8,4,1.1148338317871094,50.0
8,5,1.30987548828125,25.0
