client_id,server_round,loss,accuracy
4,1,0.11574298370255731,7.1875
4,2,0.10817373995137462,5.3125
4,3,0.09323941135076504,18.4375
4,4,0.10571179505450502,10.625
4,5,0.08664122584781844,20.9375
