client_id,server_round,loss,accuracy
2,1,0.1320700809245801,6.875
2,2,0.11403506584749877,1.875
2,3,0.19348412433653386,0.625
2,4,0.07993486091380811,18.75
2,5,0.16917246534624172,2.5
