client_id,server_round,loss,accuracy,fit_mins
9,1,1.2464843019843102,65.76388854980469,0.15943665901819865
9,2,1.0330775104463101,67.72569427490234,0.10927542845408121
9,3,0.9493818879127502,73.42013854980469,0.10907455285390218
9,4,0.8822077319025994,76.23263854980469,0.10958863894144694
9,5,0.6154178164899349,81.09375,0.1067222793896993
