client_id,server_round,loss,accuracy,fit_mins
8,1,2.4411535263061523,0.0,0.004500095049540202
8,2,2.718660831451416,7.692307472229004,0.004854444662729899
8,3,2.1726245880126953,15.384614944458008,0.002979612350463867
8,4,2.0820577144622803,30.769229888916016,0.005189216136932373
8,5,2.941005229949951,38.4615364074707,0.002950119972229004
