client_id,server_round,loss,accuracy
7,1,0.06900886312189461,31.796875
7,2,0.11159056799182333,2.734375
7,3,0.04562888734011471,62.96875
7,4,0.14669668724347357,5.859375
7,5,0.047981781939582344,61.458333015441895
