client_id,server_round,loss,accuracy
0,1,0.1415630903204116,2.34375
0,2,0.062396399645625794,14.0625
0,3,0.16070638241628224,5.078125
0,4,0.04744622098850905,48.07291650772095
0,5,0.06885242711550023,18.463541626930237
