client_id,server_round,loss,accuracy,fit_mins
5,1,0.41721072734186526,86.74342105263158,0.10926889975865682
5,2,0.5155792535086604,85.42763157894737,0.10599447091420491
5,3,0.8498437669324247,84.90131578947368,0.10627904335657755
5,4,0.18398963218848957,92.82894736842105,0.10564406315485636
5,5,1.2714442297277089,80.72368421052632,0.1037633220354716
