client_id,server_round,loss,accuracy
9,1,0.10262240785540956,3.125
9,2,0.08371734619140625,7.986111111111111
9,3,0.09989317980679599,6.25
9,4,0.05565817292892572,46.18055555555556
9,5,0.24675122174349698,4.166666666666667
