client_id,server_round,loss,accuracy
3,1,0.03152084288172697,80.15792973836263
3,2,0.2924517336940266,1.579301079114278
3,3,0.09651130032164888,7.342069943745931
3,4,0.052961630346887396,63.84408632914225
3,5,0.09600902103004655,20.917338689168293
