client_id,server_round,loss,accuracy,fit_mins
1,1,0.5647749786867815,77.15686259550206,0.09296684265136719
1,2,0.6905228773351101,80.30637224982766,0.09770748217900595
1,3,0.4045153597698492,86.45833318373737,0.09260291258494059
1,4,1.1391047465286273,76.58088235294117,0.09810646375020345
1,5,0.32070003236260486,90.99264705882354,0.09234055678049723
