client_id,server_round,loss,accuracy
5,1,0.07075518369674683,19.140625
5,2,0.14497792720794678,0.0
5,3,0.03125540819019079,71.484375
5,4,0.25128692388534546,14.84375
5,5,0.10610875487327576,8.203125
