client_id,server_round,loss,accuracy,fit_mins
3,1,1.1006357499531336,74.36884253365653,0.08071830670038858
3,2,0.5238303882735116,84.23645292009626,0.08504488468170165
3,3,2.3991454924855913,73.3220443725586,0.08433708349863688
3,4,0.8986107568655696,81.82727813720703,0.07915027538935343
3,5,0.85108140536717,80.98060335431781,0.07726702690124512
