client_id,server_round,loss,accuracy
6,1,0.05745681136557199,18.921703338623047
6,2,0.039980395615679544,57.829670245830826
6,3,0.0990976766475196,41.75824180016151
6,4,0.07008588400859277,48.14560435368465
6,5,0.012118355994953693,91.03708766056941
