client_id,server_round,loss,accuracy,fit_mins
6,1,0.31366333617673564,88.85416666666667,0.17593021790186564
6,2,0.18338547969033242,94.0625,0.17414230505625408
6,3,0.10666107698343694,96.97916666666667,0.1727017362912496
6,4,0.288113589292819,93.64583333333333,0.1737863024075826
6,5,0.3113837355801176,92.29166666666667,0.16627805630366008
