round,test_loss,test_accuracy,train_loss,train_acc,mean_diff_acc,var_diff_acc
1,0.02133290898799896,30.56640625,1.3962392711639404,28.521929512023927,-0.20590047995249616,24.29834479559893
