round,test_loss,test_accuracy
1,0.02401622486114502,30.1953125
2,0.02399391496181488,30.33203125
3,0.021042417407035826,38.26171875
