round,test_loss,test_accuracy
1,0.021791067242622374,30.64453125
2,0.021702824711799622,30.64453125
3,0.021674679517745973,30.9375
4,0.02094602620601654,35.80078125
5,0.02006557834148407,40.56640625
