round,test_accuracy,train_loss,d_loss,cka_loss
1,30.520000000000003,-0.0427914217836549,-0.0427914217836549,0.0
2,30.320000000000004,0.051827552349137974,-0.12719667620611527,0.17902422944077684
