client_id,server_round,loss,accuracy
4,1,1.4963799715042114,27.686403274536133
