client_id,server_round,loss,accuracy
9,1,1.4474328358968098,26.644736607869465
