client_id,server_round,loss,accuracy
15,1,1.4383781552314758,28.385416507720947
