client_id,server_round,loss,accuracy
2,1,1.5564794937769573,23.327850977579754
