client_id,server_round,loss,accuracy
0,1,1.4446127812067668,30.674341837565105
