client_id,server_round,loss,accuracy
14,2,1.1695041259129841,44.59978103637695
