client_id,server_round,loss,accuracy
12,2,1.3120999733606975,32.401315689086914
