client_id,server_round,loss,accuracy
5,1,1.4014566739400227,33.82675425211588
