client_id,server_round,loss,accuracy
3,1,1.4584373633066814,24.753289540608723
