client_id,server_round,loss,accuracy
11,1,1.4955577850341797,25.79495620727539
11,2,1.1986411412556965,43.94188563028971
