round,test_accuracy,train_loss,d_loss,cka_loss
1,30.320000000000004,-0.04682562282973036,-0.04682562282973036,0.0
2,30.48,0.045001702861282966,-0.11706467872355461,0.16206638105076543
