round,test_loss,test_accuracy
1,0.024489606022834776,25.0
2,0.024366317570209503,25.05859375
3,0.021947275400161743,30.625
