client_id,server_round,loss,accuracy,fit_mins
5,1,2.2359964426826027,19.471153820262234,0.14494700431823732
