client_id,server_round,loss,accuracy,fit_mins
3,2,1.8877555342281567,38.0090498082778,0.14560615221659343
