client_id,server_round,loss,accuracy,fit_mins
8,2,1.8945496853660135,40.28563331155216,0.14681342840194703
