client_id,server_round,loss,accuracy,fit_mins
6,1,2.2578814029693604,20.828619788674747,0.14833267529805502
