client_id,server_round,loss,accuracy,fit_mins
0,1,2.2648418931400074,15.8653844945571,0.19524600505828857
0,2,2.057181386386647,31.023755690630743,0.14432485898335776
