client_id,server_round,loss,accuracy,fit_mins
2,1,2.238296158173505,19.994343925924863,0.14518818855285645
2,2,2.0446453515221092,34.78506783878102,0.1421881914138794
