client_id,server_round,loss,accuracy
2,1,0.07780707465277778,21.875
2,2,0.06500979953342013,55.46875
