client_id,server_round,loss,accuracy,fit_mins
7,1,2.2415177681866814,18.523755690630743,0.1440812826156616
7,2,2.0097012099097755,35.704185485839844,0.14543362458546957
