client_id,server_round,loss,accuracy
4,1,0.07350409613715278,27.734375
