client_id,server_round,loss,accuracy
1,1,0.07389153374565972,26.953125
