client_id,server_round,loss,accuracy
3,1,0.07319430881076389,29.6875
3,2,0.06654390123155382,43.359375
