round,test_loss,test_accuracy
1,0.02294811236858368,25.078125
2,0.02290275686979294,28.9453125
