round,test_loss,test_accuracy,train_loss,train_acc,mean_diff_acc,var_diff_acc
1,0.021260335326194764,39.62890625,1.4807879161834716,26.76206111907959,-0.23040020465850874,28.869577901175358
