client_id,server_round,loss,accuracy
5,1,1.6632773876190186,3.174603223800659
