client_id,server_round,loss,accuracy
10,1,1.396476149559021,23.519736607869465
