client_id,server_round,loss,accuracy
15,1,1.3715948164463043,33.46354103088379
