client_id,server_round,loss,accuracy
3,1,1.3760314385096233,29.632675170898438
