client_id,server_round,loss,accuracy
7,1,1.4305298328399658,21.244517644246418
