client_id,server_round,loss,accuracy
14,1,1.4477041562398274,25.054824511210125
