client_id,server_round,loss,accuracy
4,1,1.4181697368621826,25.082236607869465
