client_id,server_round,loss,accuracy
11,1,1.384343187014262,33.470394134521484
