client_id,server_round,loss,accuracy
2,1,1.353279670079549,35.060306549072266
