client_id,server_round,loss,fit_mins
4,1,-0.002503341491154226,0.19262952009836834
