client_id,server_round,loss,fit_mins
1,1,-0.0017625151852950114,0.17495084206263226
