client_id,server_round,loss,fit_mins
2,1,-0.0016142149318263612,0.18185276587804158
