client_id,server_round,loss,fit_mins
3,1,-0.001602208715419031,0.1583313743273417
