client_id,server_round,loss,fit_mins
0,1,-0.002351477760715749,0.13717386722564698
