client_id,server_round,loss,accuracy
1,2,0.9629187464714051,72.46527709960938
