client_id,server_round,loss,accuracy
2,1,0.8496458232402802,59.087170918782554
