client_id,server_round,loss,accuracy
7,1,0.759358286857605,58.87957318623861
7,2,1.1311274965604146,48.024644215901695
