client_id,server_round,loss,accuracy
9,1,1.318283987045288,51.58333282470703
