client_id,server_round,loss,accuracy
4,2,1.0078672766685486,56.14583282470703
