round,test_loss,test_accuracy
1,0.02393814092874527,27.9296875
2,0.023864351034164427,27.40234375
3,0.021931897878646852,31.4453125
