client_id,server_round,loss,d_loss,cka_loss,fit_mins
3,1,-0.030324486749512807,-0.030324486749512807,0.0,0.6389574726422628
