client_id,server_round,loss,d_loss,cka_loss,fit_mins
7,1,-0.027325396559068134,-0.027325396559068134,0.0,0.6263946890830994
