client_id,server_round,loss,d_loss,cka_loss,fit_mins
4,1,-0.021143290027976037,-0.021143290027976037,0.0,0.4243939797083537
