client_id,server_round,loss,d_loss,cka_loss,fit_mins
8,1,-0.026751165677394186,-0.026751165677394186,0.0,0.6430838982264201
