client_id,server_round,loss,d_loss,cka_loss,fit_mins
5,1,-0.013386822491884231,-0.013386822491884231,0.0,0.4457438866297404
