client_id,server_round,loss,d_loss,cka_loss,fit_mins
1,1,-0.029934860499841825,-0.029934860499841825,0.0,0.6158709486325582
