client_id,server_round,loss,d_loss,cka_loss,fit_mins
0,1,-0.022293207856516045,-0.022293207856516045,0.0,0.5824196577072144
