client_id,server_round,loss,d_loss,cka_loss,fit_mins
6,1,-0.0214452869258821,-0.0214452869258821,0.0,0.5674416502316793
