client_id,server_round,loss,d_loss,cka_loss,fit_mins
9,1,-0.024697118594000738,-0.024697118594000738,0.0,0.5728856841723124
