client_id,server_round,loss,d_loss,cka_loss,fit_mins
2,1,-0.032573469216004014,-0.032573469216004014,0.0,0.7672393997510274
