client_id,server_round,loss,accuracy
3,1,1.1008423765500386,56.30314636230469
3,2,0.884014368057251,71.16283925374348
3,3,0.9549712340037028,57.10033925374349
