client_id,server_round,loss,accuracy
5,1,1.2177910804748535,38.095237731933594
5,3,0.9996694326400757,74.6031723022461
