client_id,server_round,loss,accuracy
2,1,0.820064182082812,59.100877126057945
