client_id,server_round,loss,accuracy
9,2,0.9416702508926391,66.41666641235352
9,3,0.9601539373397827,66.3125
