client_id,server_round,loss,accuracy
4,2,0.7382678985595703,75.89583282470703
