client_id,server_round,loss,accuracy
1,1,0.6309379994869232,79.96527709960938
1,2,0.9698488235473632,73.71527709960938
