client_id,server_round,loss,accuracy
8,1,0.9161749422550202,70.0
8,2,0.719250525534153,75.625
