client_id,server_round,loss,d_loss,cka_loss,fit_mins
0,1,-0.02639516433700919,-0.02639516433700919,0.0,0.9796157161394755
