client_id,server_round,loss,d_loss,cka_loss,fit_mins
2,1,-0.022884527635243204,-0.022884527635243204,0.0,0.8290390968322754
