client_id,server_round,loss,d_loss,cka_loss,fit_mins
3,1,-0.056874267318669486,-0.056874267318669486,0.0,1.6381588379542034
