client_id,server_round,loss,d_loss,cka_loss,fit_mins
4,1,-0.034739622846245766,-0.034739622846245766,0.0,1.2585315148035685
