client_id,server_round,loss,d_loss,cka_loss,fit_mins
1,1,-0.034462828344355025,-0.034462828344355025,0.0,1.1833711504936217
