round,test_loss,test_accuracy
1,0.018106561064720153,0.1155
2,0.017937258124351502,0.2284
3,0.01718350350856781,0.3886
